id,label
0,1
2,1
4,0
8,0
23,1
24,0
26,0
31,1
32,0
33,0
35,0
45,0
55,1
68,0
69,1
71,1
76,1
86,1
89,0
95,0
96,1
98,0
106,0
109,0
111,0
112,1
128,0
131,1
139,0
140,1
148,1
161,1
163,0
169,0
172,1
176,0
182,0
186,1
193,1
195,1
203,1
206,0
211,0
218,0
224,0
226,1
228,1
240,0
242,1
244,0
251,0
253,0
254,1
256,0
260,1
265,0
266,1
271,0
277,1
278,1
281,1
288,1
290,0
292,1
294,1
302,0
304,1
306,0
309,1
312,1
317,1
318,1
326,0
327,0
329,0
333,1
342,0
343,1
346,0
353,1
359,0
361,1
366,0
373,1
378,1
380,0
389,0
393,1
397,0
423,0
425,0
429,0
435,1
441,1
447,0
455,0
457,0
461,0
462,0
466,0
481,1
483,1
484,0
490,1
496,0
510,0
520,1
529,1
533,1
541,1
542,1
548,1
552,1
558,1
573,1
577,1
587,1
589,0
601,1
610,0
614,1
618,1
621,0
627,0
630,1
631,0
633,0
638,1
642,0
650,1
654,0
664,0
667,0
672,0
675,0
677,0
682,1
688,0
698,1
701,0
704,1
705,1
709,1
721,1
723,0
728,1
732,1
737,0
740,0
742,0
743,1
764,0
769,0
772,0
775,0
777,0
778,1
782,1
788,1
796,1
808,0
809,0
811,1
818,1
823,0
829,0
835,1
840,1
846,1
859,1
863,0
864,0
868,1
869,1
873,0
874,0
881,1
886,1
892,0
897,0
898,1
909,0
911,1
917,0
924,1
938,1
939,1
943,1
949,1
950,0
962,1
973,0
980,1
982,0
986,1
992,0
994,0
998,1
1003,0
1005,0
1008,0
1013,1
1017,0
1020,0
1022,0
1027,0
1029,0
1033,1
1054,1
1056,1
1058,0
1062,0
1066,1
1067,1
1079,1
1086,0
1087,0
1088,1
1089,0
1122,0
1123,1
1134,0
1139,1
1151,1
1156,1
1161,0
1164,1
1167,0
1170,1
1178,0
1181,1
1185,1
1192,0
1194,1
1198,1
1199,1
1208,1
1217,0
1233,1
1235,0
1245,0
1252,1
1254,1
1255,1
1265,0
1277,0
1281,1
1283,0
1285,1
1289,0
1293,0
1295,0
1296,0
1301,1
1312,0
1318,0
1324,1
1329,1
1332,1
1333,0
1338,0
1342,1
1345,1
1346,1
1348,1
1349,0
1351,1
1356,1
1357,0
1362,0
1363,1
1367,1
1371,0
1373,0
1378,1
1384,1
1394,0
1400,0
1408,0
1411,1
1421,0
1423,1
1425,0
1433,0
1438,1
1439,1
1442,0
1452,0
1463,0
1473,0
1474,0
1482,1
1485,0
1486,1
1487,0
1491,1
1494,1
1501,1
1505,1
1508,1
1512,1
1514,0
1519,0
1527,1
1534,1
1535,0
1536,1
1537,1
1539,1
1545,1
1554,1
1557,1
1569,1
1578,1
1580,1
1583,1
1608,1
1611,1
1618,1
1622,0
1625,0
1629,0
1631,1
1632,0
1640,1
1644,0
1655,1
1664,0
1669,0
1670,0
1674,1
1679,0
1684,1
1688,0
1689,0
1695,0
1696,1
1704,1
1714,1
1718,1
1725,0
1738,0
1740,1
1748,1
1751,1
1758,0
1761,0
1763,1
1767,0
1769,0
1783,0
1786,1
1789,0
1797,0
1798,1
1799,0
1805,1
1806,1
1807,1
1818,1
1819,1
1822,0
1825,1
1827,1
1831,1
1837,1
1840,1
1842,1
1843,1
1844,1
1845,0
1860,1
1869,1
1870,0
1871,1
1890,0
1895,0
1898,1
1922,0
1923,0
1924,1
1926,1
1930,0
1939,1
1950,0
1952,1
1953,0
1956,0
1961,0
1966,0
1970,1
1972,0
1982,0
1990,0
1992,1
2010,0
2034,1
2061,1
2064,0
2073,1
2085,1
2086,1
2087,0
2088,1
2090,0
2092,1
2099,1
2105,0
2107,1
2112,1
2121,1
2125,1
2130,0
2132,1
2141,1
2143,0
2145,1
2159,0
2166,1
2179,0
2180,0
2184,1
2185,1
2188,1
2189,1
2197,0
2201,1
2208,0
2214,0
2222,1
2224,1
2225,1
2238,0
2242,1
2243,1
2244,1
2245,1
2260,0
2261,1
2263,0
2266,0
2269,1
2272,1
2275,0
2279,1
2285,0
2291,1
2292,1
2293,1
2297,0
2299,0
2302,1
2310,1
2313,1
2318,0
2332,0
2342,0
2343,1
2346,1
2351,0
2353,1
2375,1
2379,1
2388,0
2393,0
2401,0
2406,0
2410,0
2415,0
2426,0
2439,0
2442,0
2443,0
2450,0
2453,1
2458,0
2473,0
2476,1
2497,0
2499,1
2510,0
2519,1
2523,1
2526,1
2533,0
2534,1
2536,1
2540,1
2549,1
2554,0
2562,1
2563,0
2569,0
2573,0
2578,0
2585,1
2587,0
2588,0
2599,1
2604,1
2606,1
2608,0
2613,1
2614,1
2617,0
2620,1
2625,0
2637,0
2638,1
2640,0
2646,1
2649,1
2652,0
2656,0
2659,0
2663,0
2668,0
2675,1
2685,1
2688,0
2689,0
2691,1
2693,1
2702,0
2709,0
2712,1
2722,0
2725,1
2736,0
2738,0
2740,0
2748,1
2753,1
2755,1
2767,0
2778,0
2779,1
2780,0
2782,0
2785,0
2789,0
2790,0
2792,0
2797,0
2808,0
2812,0
2816,1
2824,0
2845,0
2846,0
2851,0
2866,0
2867,0
2873,0
2876,1
2877,1
2879,1
2880,1
2884,1
2885,0
2887,1
2888,0
2896,1
2897,1
2930,1
2936,0
2948,0
2960,0
2961,1
2970,0
2978,0
2980,0
2982,1
3003,0
3006,0
3012,0
3014,0
3018,0
3023,1
3027,0
3030,0
3032,1
3035,1
3042,0
3046,0
3047,1
3048,0
3050,0
3052,0
3053,1
3064,0
3070,1
3071,1
3078,0
3082,1
3084,0
3089,0
3098,0
3112,0
3113,1
3115,0
3121,0
3134,0
3145,0
3154,1
3156,0
3162,1
3165,0
3167,1
3168,1
3170,1
3174,1
3177,1
3178,0
3179,1
3180,1
3181,0
3184,0
3188,0
3191,1
3198,0
3201,1
3211,0
3212,0
3226,1
3229,1
3240,1
3242,1
3245,0
3246,0
3249,0
3256,1
3264,0
3266,1
3269,1
3274,1
3279,1
3281,0
3282,0
3285,0
3287,1
3296,0
3299,0
3304,1
3306,0
3308,1
3310,1
3312,1
3313,0
3315,1
3317,0
3321,1
3325,0
3342,0
3343,0
3346,0
3358,0
3363,1
3365,0
3375,0
3377,1
3379,1
3382,1
3383,1
3393,0
3406,0
3419,1
3425,0
3426,1
3428,1
3434,0
3438,0
3440,1
3443,0
3446,1
3451,0
3455,0
3457,1
3458,1
3459,1
3469,0
3472,1
3487,0
3490,0
3496,0
3514,1
3515,1
3518,0
3520,1
3525,1
3527,0
3533,0
3550,1
3554,1
3557,0
3560,0
3564,0
3566,1
3568,1
3575,1
3582,0
3588,1
3589,1
3590,0
3599,1
3601,0
3611,0
3612,0
3614,1
3619,0
3621,1
3622,0
3629,1
3634,1
3635,0
3636,1
3639,0
3644,0
3645,0
3648,0
3652,0
3655,0
3656,1
3672,1
3676,1
3678,0
3686,0
3689,0
3693,0
3703,0
3708,1
3714,1
3722,0
3726,1
3730,0
3731,1
3734,1
3749,0
3753,0
3759,0
3772,1
3773,1
3774,0
3778,0
3780,1
3781,0
3784,1
3790,1
3794,1
3795,0
3796,0
3803,1
3822,0
3823,1
3825,1
3834,1
3841,0
3843,0
3850,0
3854,0
3855,0
3860,1
3865,0
3869,0
3871,0
3885,0
3892,1
3893,1
3901,1
3903,0
3919,0
3920,1
3928,1
3930,1
3933,1
3936,1
3944,1
3949,1
3952,1
3957,1
3966,1
3978,0
3984,1
3987,1
3995,1
4002,1
4003,0
4005,0
4010,0
4014,1
4018,0
4038,0
4045,0
4064,1
4068,0
4071,0
4077,0
4078,1
4088,0
4091,0
4094,1
4104,0
4108,0
4111,1
4118,0
4121,0
4122,1
4124,1
4126,0
4127,0
4142,0
4147,1
4148,1
4153,1
4157,0
4158,0
4159,1
4163,0
4165,1
4178,0
4182,1
4184,0
4188,0
4189,1
4191,1
4194,1
4197,0
4199,1
4201,1
4202,0
4203,1
4204,1
4207,1
4210,0
4217,0
4221,1
4230,1
4232,0
4245,0
4252,0
4254,0
4256,0
4260,1
4275,1
4284,0
4289,0
4295,0
4297,0
4299,1
4304,1
4305,1
4324,0
4327,1
4329,1
4331,0
4333,0
4347,1
4350,0
4359,0
4367,1
4371,0
4386,1
4387,0
4391,0
4392,0
4405,0
4407,1
4408,1
4409,0
4420,1
4429,0
4432,0
4433,1
4434,1
4438,0
4440,0
4444,1
4445,0
4453,1
4456,1
4458,0
4459,1
4460,1
4461,0
4475,0
4481,1
4494,1
4509,0
4522,1
4527,0
4530,0
4533,1
4541,0
4544,1
4548,0
4556,0
4562,0
4569,1
4578,1
4579,1
4591,0
4605,0
4610,0
4613,1
4615,0
4619,0
4622,0
4628,0
4647,1
4648,0
4651,1
4653,0
4655,0
4671,1
4686,0
4687,1
4690,1
4695,1
4700,1
4703,1
4716,0
4718,0
4722,0
4723,1
4726,1
4729,1
4730,0
4731,0
4733,0
4735,0
4736,1
4737,0
4741,0
4747,0
4748,0
4750,0
4760,1
4763,1
4771,0
4779,0
4782,1
4791,1
4806,1
4827,0
4832,0
4833,1
4836,1
4839,1
4841,1
4846,0
4849,1
4862,1
4871,1
4872,0
4879,1
4880,0
4881,1
4888,0
4889,1
4891,1
4900,1
4902,1
4904,0
4907,1
4915,1
4917,0
4923,0
4932,0
4938,1
4963,0
4970,1
4974,0
4976,0
4991,0
4996,1
4998,0
5001,0
5003,0
5007,1
5015,0
5017,0
5018,0
5043,0
5048,1
5056,1
5073,1
5077,0
5082,0
5085,0
5097,0
5105,0
5119,0
5120,0
5122,0
5131,1
5134,1
5135,1
5137,1
5141,0
5143,0
5158,0
5160,0
5162,0
5163,0
5179,0
5182,0
5190,0
5192,1
5196,0
5210,1
5219,0
5222,0
5223,0
5225,0
5226,0
5227,0
5236,0
5241,1
5243,0
5247,1
5248,0
5249,0
5253,1
5254,0
5261,0
5264,0
5265,0
5267,1
5271,0
5272,0
5283,0
5285,0
5287,0
5288,0
5291,0
5301,0
5302,1
5305,0
5310,0
5312,1
5315,1
5320,1
5327,0
5331,1
5333,1
5339,1
5342,0
5343,0
5346,1
5356,0
5362,0
5371,0
5375,1
5380,0
5381,1
5390,0
5392,0
5393,0
5396,1
5399,0
5407,1
5408,1
5411,1
5424,1
5427,0
5448,0
5455,1
5462,0
5469,1
5471,0
5477,1
5481,0
5484,0
5487,0
5488,0
5490,0
5491,0
5496,0
5509,0
5518,1
5520,0
5523,1
5529,1
5534,0
5540,0
5552,0
5560,0
5562,0
5568,1
5569,1
5581,1
5582,0
5583,1
5590,1
5596,1
5610,1
5618,0
5621,0
5626,0
5627,1
5629,1
5630,1
5633,1
5655,1
5669,0
5671,1
5672,0
5676,0
5678,0
5682,1
5686,1
5688,1
5692,0
5696,0
5697,1
5700,0
5711,1
5713,1
5714,1
5723,1
5724,1
5734,1
5749,0
5751,1
5752,1
5767,0
5768,1
5769,0
5772,1
5775,0
5785,0
5787,1
5803,1
5811,0
5815,0
5827,1
5831,0
5836,1
5846,1
5851,0
5853,1
5854,1
5862,0
5871,0
5877,1
5878,0
5881,0
5882,0
5887,0
5893,1
5899,1
5904,1
5928,1
5930,1
5937,0
5945,1
5948,1
5963,1
5966,1
5977,0
5983,1
5989,0
5992,0
5994,1
5996,0
6004,0
6008,0
6020,0
6024,0
6026,1
6030,1
6032,1
6047,0
6053,1
6057,1
6062,0
6065,0
6069,0
6071,0
6081,0
6091,1
6092,0
6093,0
6097,1
6112,0
6114,1
6117,0
6120,1
6131,0
6144,1
6161,1
6164,1
6166,0
6169,1
6172,0
6174,1
6177,1
6180,1
6182,0
6189,1
6190,1
6192,0
6195,0
6197,1
6201,0
6205,0
6211,1
6213,0
6215,1
6231,1
6236,0
6239,1
6241,0
6250,0
6256,0
6260,0
6263,0
6264,1
6267,0
6268,0
6272,1
6276,0
6281,1
6284,0
6289,0
6292,1
6294,0
6295,0
6296,0
6298,0
6300,0
6304,0
6310,1
6311,0
6318,1
6319,1
6321,1
6322,1
6335,0
6354,0
6356,0
6368,0
6371,0
6372,1
6374,0
6376,0
6381,1
6382,0
6389,0
6390,0
6393,1
6396,0
6397,0
6401,1
6404,0
6412,1
6417,1
6421,1
6423,0
6425,0
6442,0
6445,0
6446,1
6451,0
6457,0
6461,1
6468,0
6469,0
6472,1
6474,1
6475,1
6477,0
6478,0
6483,1
6486,1
6492,0
6502,0
6505,1
6506,1
6507,1
6513,1
6518,0
6520,0
6521,0
6527,1
6531,0
6533,0
6536,0
6541,0
6552,0
6558,1
6562,0
6576,0
6578,0
6579,0
6582,1
6587,0
6599,1
6600,0
6606,1
6610,0
6615,0
6617,1
6618,0
6619,0
6620,1
6625,0
6641,1
6646,1
6654,1
6663,0
6664,1
6667,1
6669,1
6682,0
6691,0
6706,1
6708,0
6712,0
6715,0
6730,1
6731,0
6732,0
6735,0
6745,0
6751,1
6753,0
6754,0
6759,1
6773,1
6775,0
6779,1
6781,1
6783,0
6789,1
6794,0
6808,0
6830,0
6832,1
6856,0
6864,1
6869,0
6872,0
6878,0
6887,0
6891,1
6892,0
6893,1
6895,0
6896,1
6899,1
6901,1
6902,1
6903,0
6906,1
6912,0
6914,1
6916,1
6918,0
6919,0
6921,0
6924,1
6926,1
6931,0
6933,1
6938,0
6949,1
6952,0
6956,1
6957,0
6960,1
6972,0
6973,0
6978,0
6988,0
6996,1
7002,0
7006,1
7008,0
7016,1
7023,0
7031,0
7040,0
7042,1
7057,1
7058,1
7069,0
7073,1
7079,0
7080,1
7085,0
7087,0
7090,1
7091,1
7093,1
7097,1
7098,1
7102,0
7103,1
7105,0
7108,0
7121,0
7123,0
7127,1
7129,0
7134,1
7136,0
7137,1
7146,0
7154,1
7155,0
7161,0
7163,1
7165,0
7170,1
7171,0
7188,1
7191,1
7200,0
7202,0
7205,1
7206,0
7207,1
7216,0
7218,0
7221,0
7223,1
7225,1
7232,0
7234,1
7246,0
7247,0
7250,0
7254,1
7258,0
7261,1
7263,1
7266,0
7279,1
7283,1
7299,0
7313,1
7316,0
7324,0
7329,1
7332,1
7335,0
7339,1
7341,0
7352,0
7354,0
7355,1
7356,0
7358,0
7361,1
7370,0
7373,0
7376,1
7377,1
7378,0
7381,1
7394,0
7395,1
7400,1
7401,0
7409,0
7411,0
7419,0
7421,0
7429,0
7430,1
7434,0
7452,0
7453,0
7461,0
7464,0
7480,1
7481,1
7483,1
7497,0
7500,0
7502,0
7504,0
7513,0
7516,1
7519,0
7521,0
7526,0
7538,0
7554,0
7556,1
7557,1
7560,1
7561,0
7565,1
7570,0
7571,0
7579,0
7583,0
7589,1
7595,1
7618,0
7629,0
7636,1
7639,1
7640,0
7641,1
7645,1
7651,0
7664,0
7665,1
7668,1
7675,0
7676,0
7678,0
7679,0
7681,0
7685,1
7687,1
7689,0
7708,0
7717,0
7722,0
7723,1
7727,0
7740,0
7743,0
7751,0
7760,1
7763,0
7767,1
7770,0
7771,0
7776,1
7780,1
7783,0
7785,0
7789,1
7791,0
7797,0
7801,0
7804,1
7806,0
7810,0
7813,0
7829,1
7832,1
7834,1
7836,0
7840,0
7852,1
7860,1
7861,0
7874,1
7876,1
7879,1
7881,0
7886,0
7894,0
7895,0
7899,0
7902,0
7903,1
7913,0
7915,0
7926,0
7934,0
7936,0
7942,0
7944,1
7952,0
7954,1
7961,1
7968,0
7973,0
7980,1
7983,0
7987,0
7998,0
8003,0
8012,0
8016,0
8021,0
8025,1
8027,1
8029,1
8032,1
8035,1
8042,0
8045,1
8049,1
8053,1
8058,1
8060,0
8066,0
8068,0
8074,1
8078,1
8081,1
8082,1
8086,1
8091,0
8093,1
8099,0
8107,1
8115,0
8141,0
8148,0
8149,1
8162,1
8165,0
8172,1
8176,0
8182,1
8188,0
8191,0
8192,0
8193,1
8198,1
8207,1
8217,1
8221,0
8227,1
8235,0
8238,1
8243,1
8249,1
8250,1
8251,1
8253,1
8260,1
8263,1
8265,1
8267,0
8269,0
8275,1
8280,0
8281,1
8283,1
8291,0
8292,0
8297,0
8311,1
8312,0
8334,1
8337,0
8339,1
8347,1
8355,0
8359,0
8364,1
8377,0
8379,1
8390,0
8398,1
8411,0
8415,0
8419,1
8422,0
8423,1
8424,1
8426,1
8434,1
8436,1
8451,1
8457,1
8464,0
8469,0
8474,0
8477,0
8479,1
8485,1
8490,1
8495,1
8509,1
8511,0
8513,1
8516,1
8524,0
8525,0
8529,0
8530,1
8534,1
8546,1
8549,0
8557,1
8564,1
8566,1
8575,0
8577,0
8578,0
8579,0
8581,1
8584,1
8585,1
8586,0
8594,1
8595,1
8598,0
8599,1
8602,1
8607,0
8615,0
8617,1
8623,0
8631,0
8643,1
8652,0
8653,0
8659,0
8663,1
8675,1
8696,1
8699,0
8701,0
8713,0
8714,0
8718,0
8719,1
8733,1
8734,1
8738,0
8746,1
8747,1
8748,1
8751,1
8756,1
8757,1
8758,1
8763,0
8774,1
8778,1
8779,0
8781,1
8785,0
8786,0
8797,1
8809,0
8818,0
8820,0
8828,1
8834,1
8835,1
8843,0
8849,1
8851,1
8854,0
8866,0
8873,1
8882,0
8884,1
8886,1
8888,0
8893,0
8898,1
8907,0
8914,1
8915,0
8919,1
8928,0
8930,1
8938,1
8949,0
8955,0
8967,0
8970,0
8976,0
8979,1
8982,0
8988,0
8992,1
8995,0
8996,1
9002,1
9003,0
9004,1
9016,0
9018,0
9020,1
9022,1
9025,0
9027,0
9044,1
9050,0
9057,0
9060,1
9062,1
9082,1
9087,1
9090,0
9099,0
9102,0
9110,0
9111,0
9122,0
9125,1
9130,1
9136,1
9137,1
9144,0
9154,0
9162,0
9182,0
9196,0
9206,0
9210,1
9219,1
9224,0
9229,0
9231,1
9236,0
9246,1
9248,0
9250,0
9259,0
9260,0
9265,0
9278,0
9280,0
9287,0
9290,1
9293,1
9294,0
9298,1
9299,1
9302,0
9306,1
9328,1
9330,0
9337,0
9339,0
9340,0
9343,1
9355,0
9356,0
9357,1
9358,0
9359,1
9374,0
9389,1
9393,1
9401,0
9405,0
9408,1
9412,1
9415,0
9424,1
9425,1
9427,0
9428,0
9429,1
9433,1
9434,0
9435,0
9444,0
9451,0
9454,1
9458,1
9461,1
9466,1
9471,0
9473,1
9474,1
9477,0
9479,0
9482,0
9488,1
9491,1
9499,1
9505,0
9510,1
9513,1
9516,1
9518,0
9522,1
9523,0
9525,1
9529,0
9531,1
9535,0
9536,1
9537,0
9539,1
9542,0
9546,0
9550,1
9551,0
9553,0
9555,0
9570,0
9571,1
9576,0
9583,0
9590,1
9597,1
9598,1
9602,0
9603,1
9608,0
9609,0
9618,0
9620,1
9623,1
9627,1
9632,1
9641,0
9644,1
9650,0
9651,0
9657,0
9658,1
9661,0
9663,1
9664,1
9669,0
9679,1
9680,1
9681,1
9684,0
9687,1
9688,1
9697,1
9700,0
9703,1
9705,1
9708,1
9711,0
9716,0
9718,1
9720,0
9723,1
9724,1
9729,0
9751,0
9761,1
9763,0
9764,1
9769,1
9774,1
9776,1
9779,0
9780,0
9803,1
9804,0
9809,1
9828,0
9831,0
9834,0
9840,0
9845,0
9855,1
9856,1
9859,0
9868,0
9875,1
9877,1
9890,1
9898,1
9904,0
9906,1
9907,1
9909,1
9910,1
9912,1
9935,1
9937,0
9938,1
9944,0
9949,0
9959,0
9964,0
9971,0
9972,0
9985,1
9990,1
10012,1
10018,1
10019,0
10020,0
10024,1
10027,1
10032,0
10038,1
10046,1
10049,1
10057,1
10065,0
10071,1
10077,1
10080,1
10088,1
10093,0
10099,0
10100,0
10108,0
10112,0
10118,1
10120,1
10121,0
10124,0
10130,0
10131,1
10133,1
10143,0
10144,1
10162,1
10163,0
10170,0
10171,0
10175,1
10176,0
10181,0
10182,0
10183,0
10191,0
10201,1
10205,0
10210,1
10221,1
10249,0
10250,1
10251,1
10257,1
10264,1
10281,1
10292,1
10298,1
10301,1
10308,1
10310,0
10316,0
10322,1
10330,0
10334,0
10340,0
10341,1
10342,0
10343,1
10346,0
10349,1
10360,1
10361,1
10362,0
10364,0
10368,1
10373,0
10374,0
10376,0
10377,0
10378,1
10381,1
10384,0
10387,1
10389,0
10390,0
10398,0
10405,1
10412,0
10419,1
10421,1
10428,0
10430,1
10438,1
10439,0
10442,0
10448,1
10455,1
10460,0
10467,1
10471,0
10474,1
10477,1
10483,1
10485,0
10488,0
10497,1
10498,0
10503,1
10519,1
10524,0
10528,0
10539,0
10541,1
10543,0
10544,0
10545,0
10546,0
10553,1
10555,1
10556,0
10557,1
10566,1
10569,1
10582,0
10583,0
10589,1
10597,1
10602,0
10605,1
10606,0
10614,1
10615,1
10617,1
10618,1
10619,0
10628,1
10632,0
10638,0
10652,0
10653,0
10654,1
10657,0
10668,0
10672,1
10686,1
10691,1
10695,0
10697,1
10700,1
10701,0
10709,1
10718,0
10720,1
10721,0
10723,1
10724,1
10729,1
10732,0
10736,0
10747,0
10749,0
10755,0
10758,0
10765,0
10777,0
10781,0
10793,1
10794,1
10795,0
10796,1
10797,1
10810,0
10823,1
10827,1
10836,0
10863,1
10870,0
10871,0
10872,1
10881,1
10884,1
10886,1
10894,0
10903,0
10910,1
10915,0
10923,1
10927,0
10930,1
10932,1
10934,1
10945,0
10954,1
10960,1
10961,1
10964,1
10969,0
10973,0
10975,1
10984,1
10987,1
10989,1
10996,0
11003,1
11004,1
11016,1
11020,1
11029,1
11030,1
11031,0
11034,0
11041,1
11049,0
11051,0
11054,0
11061,1
11063,1
11064,0
11073,1
11075,1
11078,1
11081,1
11085,0
11090,0
11094,1
11097,1
11101,1
11109,1
11111,1
11114,1
11119,0
11120,1
11124,0
11127,0
11129,1
11133,1
11138,1
11139,0
11145,0
11147,0
11171,1
11172,1
11177,0
11182,0
11191,1
11203,1
11206,1
11208,1
11210,1
11213,0
11225,0
11228,1
11234,0
11245,0
11247,1
11248,1
11256,0
11258,1
11267,1
11279,1
11283,1
11287,1
11290,0
11293,1
11299,0
11306,0
11307,0
11308,0
11314,1
11318,0
11319,0
11320,0
11321,0
11323,1
11338,1
11339,0
11342,0
11345,0
11353,0
11355,1
11363,0
11373,0
11378,1
11394,1
11397,1
11401,1
11404,0
11405,0
11409,0
11410,1
11413,0
11418,1
11419,1
11420,1
11427,0
11430,0
11432,0
11434,1
11446,1
11450,1
11451,1
11456,1
11457,1
11468,1
11470,1
11475,0
11483,1
11485,0
11502,0
11507,0
11508,1
11513,1
11521,0
11526,1
11528,1
11529,1
11536,1
11538,0
11544,1
11545,0
11546,0
11550,0
11569,0
11574,0
11576,0
11580,1
11594,0
11595,1
11596,1
11597,1
11602,1
11612,1
11613,0
11616,0
11617,0
11618,0
11619,0
11622,0
11629,0
11634,1
11638,1
11639,1
11644,0
11645,0
11646,0
11650,0
11656,1
11662,0
11669,0
11670,0
11680,0
11685,0
11686,1
11692,0
11696,1
11697,0
11705,1
11711,0
11715,1
11716,1
11718,0
11723,0
11730,0
11731,0
11732,1
11738,0
11744,1
11751,1
11767,1
11776,0
11788,1
11789,1
11793,0
11794,1
11796,1
11797,0
11799,0
11802,0
11803,0
11807,0
11809,0
11817,1
11834,1
11836,0
11846,1
11850,0
11851,1
11852,0
11858,0
11875,0
11876,0
11877,1
11880,0
11884,0
11898,0
11919,0
11921,1
11922,0
11927,1
11929,1
11931,1
11936,0
11937,0
11942,0
11946,1
11948,1
11964,1
11965,0
11977,1
11980,0
11985,1
11995,1
12008,1
12010,1
12011,0
12013,1
12015,1
12016,0
12024,0
12027,0
12033,0
12036,0
12038,0
12041,1
12043,1
12047,1
12050,1
12055,0
12064,0
12069,0
12073,1
12082,1
12086,0
12097,1
12114,0
12115,1
12119,0
12122,0
12142,0
12152,0
12161,1
12162,0
12165,1
12168,1
12173,1
12175,0
12177,0
12179,1
12185,1
12217,0
12226,1
12230,0
12236,1
12245,1
12246,0
12265,0
12273,0
12274,1
12276,0
12278,1
12287,1
12293,1
12294,1
12298,0
12299,0
12305,1
12310,0
12319,1
12328,0
12332,1
12337,0
12338,1
12341,0
12342,0
12343,0
12347,0
12349,0
12357,0
12358,0
12363,0
12375,1
12376,1
12384,0
12391,1
12392,0
12393,0
12395,1
12396,1
12400,0
12415,0
12419,0
12422,1
12431,0
12434,1
12444,1
12451,1
12453,1
12459,0
12465,0
12468,1
12476,1
12483,1
12487,1
12489,0
12495,1
12504,1
12505,1
12506,0
12511,0
12512,0
12516,1
12521,1
12523,0
12526,0
12538,1
12540,0
12545,0
12551,1
12560,0
12564,0
12565,1
12574,0
12582,0
12595,0
12601,0
12607,0
12610,1
12617,0
12624,0
12625,1
12638,0
12644,0
12645,1
12648,1
12649,0
12652,0
12654,1
12657,1
12658,0
12665,0
12668,0
12673,0
12680,1
12682,1
12684,0
12692,0
12694,1
12697,0
12702,0
12703,1
12708,0
12710,1
12711,0
12719,1
12720,1
12721,0
12723,1
12731,0
12732,0
12737,0
12742,1
12745,0
12746,0
12747,0
12751,1
12761,1
12765,0
12767,1
12778,0
12784,1
12786,0
12788,1
12805,1
12808,0
12815,1
12817,1
12838,0
12846,1
12855,1
12863,1
12865,0
12867,1
12868,0
12873,1
12879,1
12880,0
12882,0
12887,1
12888,1
12895,0
12902,0
12905,0
12912,1
12928,0
12929,0
12930,1
12934,1
12937,1
12941,0
12955,0
12956,1
12958,1
12962,0
12965,1
12974,0
12980,1
12982,0
12987,0
12993,1
12994,1
12996,1
12999,1
13028,1
13029,1
13030,0
13034,0
13043,1
13047,0
13050,1
13060,1
13061,0
13067,1
13079,1
13083,0
13087,1
13090,0
13091,1
13098,0
13100,1
13109,1
13112,0
13119,0
13120,1
13122,1
13132,0
13135,0
13140,0
13142,1
13151,0
13163,0
13169,1
13175,0
13176,0
13182,1
13189,0
13192,1
13193,0
13197,1
13202,1
13205,1
13208,0
13209,1
13210,0
13215,0
13220,1
13225,0
13227,1
13230,1
13239,0
13241,1
13242,0
13249,0
13251,0
13255,0
13257,1
13258,0
13270,1
13273,0
13275,1
13279,1
13282,1
13285,1
13286,0
13289,1
13290,0
13296,1
13297,0
13300,0
13306,1
13315,1
13318,1
13320,1
13322,1
13328,1
13335,1
13336,1
13337,0
13342,0
13350,0
13358,1
13366,1
13372,0
13373,0
13374,1
13376,0
13379,1
13384,1
13389,0
13391,0
13392,0
13393,1
13397,0
13404,1
13405,1
13407,0
13408,0
13411,1
13427,0
13430,1
13433,1
13434,1
13438,1
13439,0
13445,0
13459,1
13463,1
13472,0
13473,1
13487,1
13491,1
13504,1
13505,0
13511,1
13512,1
13516,1
13517,1
13519,0
13532,1
13535,0
13536,0
13537,0
13541,1
13546,0
13547,0
13550,0
13557,1
13563,0
13568,0
13572,1
13574,1
13575,0
13579,1
13582,1
13585,0
13586,1
13599,0
13605,1
13608,0
13620,1
13625,1
13626,1
13628,0
13633,1
13636,1
13642,1
13652,1
13678,0
13680,1
13692,1
13697,0
13700,0
13704,0
13705,1
13708,0
13718,1
13721,0
13724,0
13732,1
13733,0
13734,0
13740,0
13741,1
13742,0
13745,0
13746,1
13752,1
13757,0
13758,1
13760,1
13764,0
13771,1
13781,1
13782,0
13784,1
13791,0
13793,1
13799,0
13801,1
13830,1
13832,1
13833,0
13838,1
13840,0
13842,1
13844,1
13847,0
13849,0
13858,1
13866,0
13872,1
13895,0
13898,1
13904,0
13905,0
13907,0
13910,1
13912,1
13915,1
13916,0
13919,0
13923,0
13928,0
13940,1
13941,1
13949,0
13950,0
13951,0
13960,1
13964,1
13967,1
13977,0
13979,0
13992,0
14004,0
14005,1
14009,0
14015,0
14018,0
14026,1
14027,0
14038,1
14044,1
14045,1
14049,1
14060,0
14079,0
14084,0
14085,0
14087,0
14088,1
14089,0
14102,0
14106,1
14107,1
14112,1
14120,1
14123,1
14127,0
14132,0
14149,1
14153,1
14156,0
14160,0
14163,0
14166,0
14169,0
14170,1
14172,0
14173,1
14177,0
14180,1
14184,1
14188,1
14192,0
14215,0
14223,1
14224,0
14228,0
14235,0
14238,1
14241,0
14242,1
14251,0
14252,0
14253,0
14259,0
14278,1
14284,1
14288,1
14296,0
14298,0
14300,0
14310,0
14315,1
14324,1
14328,0
14338,0
14339,1
14344,0
14357,0
14359,1
14366,1
14367,0
14372,0
14373,0
14374,0
14375,0
14388,0
14394,1
14395,1
14397,1
14402,0
14404,0
14407,0
14413,1
14414,1
14422,1
14426,1
14442,1
14452,0
14463,1
14465,0
14475,0
14495,0
14504,1
14505,1
14506,0
14511,1
14517,0
14519,1
14523,0
14525,1
14540,0
14548,1
14553,0
14557,1
14561,0
14605,0
14606,1
14624,1
14627,1
14634,0
14639,1
14640,0
14665,0
14666,1
14669,1
14671,1
14673,1
14677,1
14680,1
14684,1
14688,1
14706,1
14708,0
14711,1
14712,1
14716,1
14717,0
14722,1
14730,0
14731,0
14741,0
14751,0
14754,1
14758,1
14763,1
14765,0
14770,1
14794,0
14798,1
14800,0
14805,1
14815,0
14816,1
14823,1
14827,0
14829,1
14843,0
14845,1
14847,1
14848,0
14852,0
14861,0
14862,0
14864,0
14865,0
14872,0
14879,0
14893,0
14894,0
14898,0
14906,0
14907,1
14909,0
14917,0
14919,0
14922,1
14928,1
14930,1
14939,0
14948,1
14951,1
14952,1
14954,1
14966,1
14968,0
14974,1
14986,0
14987,1
14990,1
14995,0
14998,1
15003,1
15004,0
15006,0
15007,0
15009,0
15017,0
15024,1
15026,0
15027,0
15039,0
15042,0
15053,0
15060,0
15079,1
15080,1
15083,1
15086,0
15091,0
15092,0
15096,1
15099,1
15106,1
15107,1
15109,1
15111,0
15112,0
15116,0
15118,1
15122,1
15127,0
15131,1
15158,1
15163,1
15168,0
15188,0
15190,1
15193,0
15196,1
15201,0
15206,0
15211,0
15214,1
15221,0
15223,1
15225,0
15226,1
15237,0
15241,1
15245,0
15257,0
15259,0
15262,1
15293,1
15295,0
15296,1
15297,0
15298,0
15300,0
15301,0
15302,1
15306,0
15308,0
15312,0
15315,0
15318,1
15321,0
15322,1
15330,0
15333,0
15337,0
15338,0
15344,0
15345,1
15347,1
15349,1
15351,0
15355,0
15373,0
15374,1
15375,1
15376,0
15387,0
15388,0
15392,0
15393,1
15395,0
15398,0
15402,0
15404,1
15410,0
15420,0
15421,0
15422,0
15425,0
15428,1
15436,0
15437,1
15443,0
15446,1
15450,1
15452,0
15455,1
15461,1
15464,0
15465,0
15467,1
15473,0
15475,0
15490,1
15496,1
15498,1
15505,1
15506,0
15508,0
15518,0
15525,0
15528,1
15532,0
15537,1
15542,0
15544,0
15548,1
15550,0
15552,0
15563,0
15577,0
15578,1
15588,1
15592,0
15594,0
15596,1
15597,1
15598,0
15600,0
15606,0
15610,1
15614,1
15615,0
15623,0
15625,0
15632,1
15634,0
15637,1
15657,0
15661,0
15667,0
15669,0
15671,0
15687,1
15691,1
15692,1
15699,0
15704,1
15707,0
15710,0
15719,0
15730,1
15732,1
15735,1
15753,1
15762,1
15771,0
15772,1
15779,0
15781,0
15787,0
15803,0
15806,0
15816,1
15822,1
15824,1
15829,1
15833,0
15845,1
15854,1
15859,0
15862,0
15865,1
15866,0
15867,1
15870,0
15879,0
15885,1
15894,0
15906,1
15914,0
15919,0
15930,1
15945,1
15947,0
15956,0
15967,0
15972,1
15977,0
15981,0
15983,1
15987,1
16002,0
16003,1
16010,1
16018,0
16019,0
16026,0
16029,0
16034,1
16038,0
16051,0
16053,1
16055,0
16057,1
16065,0
16070,1
16072,1
16075,0
16076,0
16082,1
16103,1
16107,1
16109,0
16113,1
16121,0
16125,0
16136,0
16137,0
16143,1
16144,1
16151,1
16153,1
16155,0
16161,0
16166,1
16171,0
16181,0
16194,1
16198,0
16212,1
16219,0
16232,0
16233,1
16236,1
16241,0
16249,0
16251,0
16252,0
16258,0
16261,0
16262,1
16264,1
16276,1
16285,0
16301,1
16304,0
16309,0
16311,0
16317,0
16320,0
16321,1
16325,1
16334,0
16339,1
16341,1
16345,0
16348,1
16363,1
16365,0
16368,1
16380,0
16387,1
16393,0
16395,1
16399,1
16401,0
16405,1
16410,0
16411,0
16413,1
16415,1
16420,1
16427,0
16447,1
16449,0
16450,1
16453,0
16454,0
16457,1
16458,0
16463,1
16464,0
16469,0
16475,1
16483,1
16484,0
16486,0
16487,1
16493,0
16495,0
16502,1
16503,0
16506,0
16513,0
16514,1
16515,0
16520,1
16521,1
16527,0
16530,0
16541,0
16544,1
16549,1
16552,0
16554,1
16556,0
16558,1
16566,0
16567,1
16569,1
16581,1
16590,0
16591,0
16594,0
16598,1
16600,0
16601,1
16603,0
16611,1
16613,1
16620,1
16621,1
16622,0
16627,0
16634,0
16635,1
16641,0
16642,1
16648,0
16655,1
16658,0
16671,0
16676,0
16677,0
16678,0
16681,1
16682,1
16688,1
16692,0
16697,0
16702,1
16705,0
16707,1
16711,1
16714,0
16722,1
16723,1
16724,1
16725,0
16730,1
16746,0
16752,0
16763,1
16769,0
16771,1
16772,0
16777,0
16780,0
16783,0
16788,1
16790,1
16792,1
16800,0
16810,1
16823,0
16826,1
16828,1
16829,0
16839,0
16858,0
16862,1
16867,0
16868,0
16869,1
16870,1
16880,0
16894,0
16899,0
16908,0
16912,1
16917,1
16921,0
16923,1
16926,1
16930,0
16936,1
16938,1
16940,0
16942,1
16946,0
16948,0
16951,1
16955,0
16960,0
16963,0
16964,1
16965,0
16969,0
16979,0
16981,1
16983,0
17005,1
17006,0
17009,1
17012,0
17021,1
17027,0
17034,1
17035,1
17040,0
17045,1
17051,0
17054,0
17069,1
17072,1
17093,0
17096,0
17104,0
17109,0
17117,0
17125,1
17128,0
17130,1
17133,0
17145,1
17155,1
17170,0
17179,1
17181,1
17182,0
17189,0
17194,0
17196,0
17198,1
17201,1
17214,1
17222,1
17228,1
17242,1
17248,0
17250,0
17253,1
17256,1
17258,0
17263,0
17266,0
17270,0
17271,0
17274,0
17278,0
17281,0
17282,0
17290,0
17292,0
17307,1
17310,1
17316,1
17343,0
17346,0
17347,0
17349,0
17350,0
17351,1
17353,1
17370,1
17373,1
17377,0
17381,1
17382,1
17388,0
17390,0
17401,0
17404,1
17407,0
17408,0
17412,1
17419,1
17422,0
17425,0
17430,0
17432,1
17433,1
17436,0
17438,0
17446,1
17448,1
17454,1
17462,0
17463,1
17464,1
17467,1
17472,0
17475,1
17508,0
17509,0
17520,0
17525,1
17526,0
17535,1
17540,0
17545,0
17546,1
17547,1
17552,1
17558,0
17562,0
17569,1
17584,0
17587,0
17589,0
17591,0
17593,1
17594,1
17610,0
17615,0
17616,0
17617,0
17620,1
17622,1
17626,1
17631,0
17634,0
17636,1
17640,0
17645,1
17646,1
17649,1
17651,1
17657,1
17661,1
17667,1
17671,0
17679,1
17682,1
17683,1
17687,1
17692,0
17695,0
17699,1
17722,1
17734,1
17737,0
17740,0
17741,1
17742,0
17744,0
17751,0
17754,1
17757,0
17759,1
17760,0
17761,0
17762,1
17770,0
17772,0
17775,1
17785,1
17788,0
17790,0
17791,0
17794,1
17800,0
17803,0
17809,1
17813,1
17820,0
17821,0
17822,0
17831,1
17834,1
17838,0
17840,1
17842,0
17843,1
17844,0
17850,0
17857,0
17858,1
17859,1
17865,1
17868,1
17869,1
17873,0
17874,0
17881,1
17890,1
17894,0
17899,0
17901,1
17903,1
17910,0
17911,1
17912,0
17916,0
17917,0
17925,0
17927,1
17929,0
17942,1
17948,0
17950,0
17953,0
17956,0
17957,1
17960,1
17966,1
17967,1
17979,1
17993,0
17995,0
17996,1
18017,0
18019,1
18022,0
18029,0
18031,0
18032,1
18033,0
18035,0
18048,1
18054,0
18060,1
18062,0
18066,0
18071,1
18079,1
18086,1
18090,0
18092,0
18096,0
18104,1
18109,1
18115,1
18122,1
18126,1
18130,1
18134,0
18137,0
18142,1
18146,0
18151,1
18154,0
18155,1
18160,1
18171,0
18173,0
18174,0
18175,1
18189,1
18195,1
18200,1
18203,0
18207,0
18212,0
18217,0
18219,1
18220,1
18226,1
18229,1
18230,1
18235,1
18243,0
18248,1
18252,0
18261,1
18262,1
18275,0
18289,1
18290,1
18296,1
18297,1
18311,0
18313,0
18314,1
18315,1
18323,0
18346,0
18354,1
18366,0
18372,1
18380,1
18381,0
18393,0
18394,0
18398,0
18399,1
18401,0
18408,1
18415,1
18418,1
18420,1
18424,0
18426,0
18432,0
18436,1
18438,0
18445,0
18450,0
18451,1
18460,1
18462,1
18463,1
18468,1
18475,1
18476,0
18482,0
18487,0
18497,0
18500,0
18501,0
18502,0
18503,0
18507,1
18509,1
18510,1
18518,1
18525,1
18526,1
18527,0
18540,1
18547,1
18553,0
18558,1
18566,0
18569,1
18573,1
18576,0
18586,0
18590,1
18593,0
18596,0
18604,1
18607,0
18614,0
18619,0
18626,0
18628,1
18634,0
18641,0
18646,0
18651,1
18658,1
18663,0
18664,0
18665,0
18666,0
18671,0
18685,0
18688,0
18696,1
18700,1
18705,1
18712,0
18713,0
18715,0
18718,1
18728,1
18733,1
18740,1
18742,1
18748,1
18750,1
18752,0
18754,1
18763,0
18764,1
18767,1
18772,1
18774,1
18787,0
18789,1
18790,1
18791,1
18792,0
18795,0
18797,1
18801,1
18805,0
18806,0
18813,0
18818,1
18823,0
18827,0
18835,1
18844,0
18846,0
18850,1
18852,1
18854,0
18858,0
18865,1
18866,0
18871,0
18874,1
18876,1
18879,0
18880,0
18886,1
18888,0
18889,0
18890,0
18892,0
18901,1
18902,1
18905,1
18908,0
18910,0
18919,1
18927,1
18929,1
18934,0
18940,0
18942,0
18953,0
18954,1
18956,0
18960,1
18963,0
18969,0
18970,1
18973,1
18980,1
18990,0
18996,1
19003,0
19005,0
19018,0
19022,1
19025,1
19026,0
19029,0
19030,1
19037,1
19039,1
19046,1
19050,1
19061,0
19065,1
19082,0
19097,0
19110,1
19113,0
19115,0
19119,0
19130,1
19134,0
19140,1
19145,1
19147,1
19152,0
19155,1
19157,1
19164,0
19177,0
19186,1
19192,1
19194,0
19202,1
19203,0
19207,0
19210,1
19226,1
19229,1
19230,1
19238,0
19241,0
19245,1
19247,1
19248,1
19255,0
19258,1
19264,1
19267,1
19271,1
19274,1
19290,1
19303,1
19308,0
19311,1
19313,1
19316,1
19317,1
19318,0
19320,0
19324,1
19331,1
19337,1
19340,1
19347,0
19351,1
19356,0
19357,1
19360,0
19375,1
19378,1
19386,1
19387,1
19399,1
19404,1
19405,1
19419,0
19429,0
19430,0
19435,0
19439,0
19441,0
19444,1
19448,1
19457,1
19459,1
19460,0
19464,0
19468,0
19469,1
19478,0
19480,0
19482,1
19486,0
19491,1
19506,0
19511,0
19512,0
19515,0
19519,1
19522,0
19526,1
19527,0
19528,1
19541,0
19544,0
19552,1
19561,0
19569,0
19574,1
19578,0
19588,0
19589,1
19590,1
19594,1
19602,0
19607,1
19612,1
19615,0
19624,0
19627,0
19630,1
19632,1
19633,1
19636,0
19645,1
19651,1
19652,0
19654,0
19663,0
19668,1
19669,1
19671,1
19683,0
19686,0
19688,1
19702,1
19706,1
19712,1
19715,0
19716,0
19723,1
19724,0
19726,0
19729,0
19731,0
19732,0
19735,1
19747,1
19755,1
19758,1
19761,0
19764,1
19774,1
19790,1
19793,1
19804,1
19805,1
19806,0
19807,0
19822,0
19823,0
19827,1
19841,1
19848,1
19850,1
19863,0
19867,1
19870,0
19871,0
19874,1
19885,1
19892,1
19895,0
19904,0
19908,0
19911,1
19912,0
19915,0
19916,0
19921,1
19922,0
19926,0
19930,0
19938,0
19939,1
19941,1
19952,1
19955,1
19958,0
19965,0
19966,1
19968,1
19969,0
19977,0
19990,0
19994,1
20017,1
20018,0
20024,0
20030,1
20033,0
20042,0
20045,1
20046,1
20056,1
20058,0
20062,0
20067,0
20079,0
20095,0
20102,0
20103,1
20111,1
20115,1
20117,1
20119,0
20121,1
20123,1
20124,0
20125,0
20134,0
20144,1
20145,0
20159,1
20165,0
20177,0
20179,0
20180,0
20181,1
20182,0
20184,0
20203,0
20205,0
20209,1
20219,0
20225,1
20231,1
20234,1
20237,0
20244,0
20252,0
20264,1
20274,1
20275,1
20277,0
20281,1
20283,0
20285,0
20288,0
20291,0
20297,1
20298,1
20301,1
20305,0
20308,0
20309,1
20317,0
20319,1
20320,1
20325,0
20331,1
20333,0
20336,0
20341,0
20344,0
20354,1
20358,1
20359,0
20366,0
20374,0
20375,0
20394,0
20396,0
20399,1
20407,0
20410,0
20415,1
20423,1
20426,0
20436,0
20439,0
20445,1
20447,0
20454,0
20462,0
20465,1
20479,0
20480,1
20483,1
20484,0
20490,0
20500,0
20501,0
20504,0
20509,0
20517,1
20519,0
20521,0
20523,1
20531,1
20532,1
20534,0
20536,1
20551,0
20554,0
20565,0
20568,1
20569,1
20576,0
20578,1
20580,1
20584,0
20585,1
20586,0
20587,0
20591,0
20597,0
20600,1
20606,0
20608,1
20612,1
20614,1
20620,0
20626,0
20627,1
20630,1
20634,0
20635,0
20637,1
20641,0
20642,1
20643,0
20648,1
20652,1
20656,0
20659,0
20666,0
20670,0
20683,0
20684,0
20685,1
20687,1
20704,1
20713,0
20720,1
20725,0
20727,0
20742,0
20750,1
20766,0
20771,1
20779,0
20783,0
20791,1
20793,1
20794,0
